Type,Weekly_Sales
A,20099.568042909254
B,12237.075976757698
C,9519.532538441676
