IsHoliday,count,mean,sum
Non-Holiday,391909,15901.445069008367,6231919435.55
Holiday,29661,17035.823187350394,505299551.56
